開始時間,レッスン時間,講師ID,講師名,レッスンタイプ,講師カテゴリ
2023-04-18 (Tue) 12:23,10,3376,"Fdc Counselor Kim",通常レッスン,1
2023-04-18 (Tue) 12:09,0,3768,"Teacher 32",通常レッスン,2
2023-04-18 (Tue) 12:04,0,3768,"Teacher 32",通常レッスン,2
2023-04-18 (Tue) 12:03,0,3768,"Teacher 32",通常レッスン,2
2023-04-18 (Tue) 12:02,0,3768,"Teacher 32",通常レッスン,2
2023-04-18 (Tue) 12:02,6,3376,"Fdc Counselor Kim",通常レッスン,1
2023-04-18 (Tue) 12:01,0,3768,"Teacher 32",通常レッスン,2
2023-04-18 (Tue) 12:01,0,3768,"Teacher 32",通常レッスン,2
2023-04-18 (Tue) 12:00,25,3412,"OFC2 KHEL",通常予約,6
2023-04-18 (Tue) 11:59,0,3768,"Teacher 32",通常レッスン,2
2023-04-18 (Tue) 11:58,6,2861,"Melvin Office",通常レッスン,33
2023-04-18 (Tue) 11:57,0,3768,"Teacher 32",通常レッスン,2
2023-04-18 (Tue) 11:56,0,3768,"Teacher 32",通常レッスン,2
2023-04-18 (Tue) 11:55,0,3768,"Teacher 32",通常レッスン,2
2023-04-18 (Tue) 11:55,0,3768,"Teacher 32",通常レッスン,2
2023-04-18 (Tue) 11:54,0,3768,"Teacher 32",通常レッスン,2
2023-04-18 (Tue) 11:49,11,2794,"Teacher Karling",通常レッスン,6
2023-04-18 (Tue) 11:49,0,3768,"Teacher 32",通常レッスン,2
2023-04-18 (Tue) 11:41,0,3768,"Teacher 32",通常レッスン,2
2023-04-18 (Tue) 11:39,0,3768,"Teacher 32",通常レッスン,2
2023-04-18 (Tue) 11:26,0,3768,"Teacher 32",通常レッスン,2
2023-04-18 (Tue) 11:25,0,3768,"Teacher 32",通常レッスン,2
2023-04-18 (Tue) 11:24,0,3768,"Teacher 32",通常レッスン,2
2023-04-18 (Tue) 11:19,5,3397,"FDC1 AVATAR",通常レッスン,6
2023-04-18 (Tue) 11:18,13,3578,"PROF ANGRY",通常レッスン,2
2023-04-18 (Tue) 11:06,3,3412,"OFC2 KHEL",通常レッスン,6
2023-04-18 (Tue) 11:02,0,3768,"Teacher 32",通常レッスン,2
2023-04-18 (Tue) 11:00,25,3349,"Teacher Inna",通常予約,2
2023-04-18 (Tue) 10:59,11,2788,"Zyke test",通常レッスン,2
2023-04-18 (Tue) 10:53,5,3412,"OFC2 KHEL",通常レッスン,6
2023-04-18 (Tue) 10:31,24,3379,"Teacher InnaH",通常予約,6
2023-04-18 (Tue) 10:10,1,3379,"Teacher InnaH",通常レッスン,6
2023-04-17 (Mon) 18:51,0,2861,"Melvin Office",通常レッスン,33
2023-04-17 (Mon) 18:35,0,2861,"Melvin Office",通常レッスン,33
2023-04-17 (Mon) 18:31,0,2861,"Melvin Office",通常レッスン,33
2023-04-17 (Mon) 18:30,25,3379,"Teacher InnaH",通常予約,6
2023-04-17 (Mon) 18:29,2,4004,"FDC Rose Avatar",通常レッスン,6
2023-04-17 (Mon) 18:23,0,3379,"Teacher InnaH",通常レッスン,6
2023-04-17 (Mon) 18:18,0,3379,"Teacher InnaH",通常レッスン,6
2023-04-17 (Mon) 18:12,0,3379,"Teacher InnaH",通常レッスン,6
2023-04-17 (Mon) 18:10,1,2861,"Melvin Office",通常レッスン,33
2023-04-17 (Mon) 18:02,0,2861,"Melvin Office",通常レッスン,33
2023-04-17 (Mon) 17:41,1,1039,"Yohl",通常レッスン,3
2023-04-17 (Mon) 17:39,6,2861,"Melvin Office",通常レッスン,33
2023-04-17 (Mon) 17:33,1,1039,"Yohl",通常レッスン,3
2023-04-17 (Mon) 17:30,25,3379,"Teacher InnaH",通常予約,6
2023-04-17 (Mon) 17:27,0,1039,"Yohl",通常レッスン,3
2023-04-17 (Mon) 17:23,1,2794,"Teacher Karling",通常レッスン,6
2023-04-17 (Mon) 17:05,20,3412,"OFC2 KHEL",通常予約,6
2023-04-17 (Mon) 17:02,2,1039,"Yohl",通常レッスン,3
2023-04-17 (Mon) 17:00,25,2861,"Melvin Office",通常予約,33
2023-04-17 (Mon) 17:00,0,3379,"Teacher InnaH",通常レッスン,6
2023-04-17 (Mon) 16:58,0,3379,"Teacher InnaH",通常レッスン,6
2023-04-17 (Mon) 16:57,0,3379,"Teacher InnaH",通常レッスン,6
2023-04-17 (Mon) 16:56,1,1039,"Yohl",通常レッスン,3
2023-04-17 (Mon) 16:50,3,1039,"Yohl",通常レッスン,3
2023-04-17 (Mon) 16:48,0,3379,"Teacher InnaH",通常レッスン,6
2023-04-17 (Mon) 16:30,26,1733,"arwen",通常レッスン,2
2023-04-17 (Mon) 16:24,0,3379,"Teacher InnaH",通常レッスン,6
2023-04-17 (Mon) 16:18,0,1039,"Yohl",通常レッスン,3
2023-04-17 (Mon) 16:12,3,1039,"Yohl",通常レッスン,3
2023-04-17 (Mon) 16:05,20,2861,"Melvin Office",通常予約,33
2023-04-17 (Mon) 15:31,24,2861,"Melvin Office",通常予約,33
2023-04-17 (Mon) 14:41,17,1733,"arwen",通常レッスン,2
2023-04-17 (Mon) 14:27,0,2344,"Marky 2",通常レッスン,6
2023-04-17 (Mon) 14:22,17,1733,"arwen",通常レッスン,2
2023-04-17 (Mon) 14:18,3,3412,"OFC2 KHEL",通常レッスン,6
2023-04-17 (Mon) 14:13,3,3412,"OFC2 KHEL",通常レッスン,6
2023-04-17 (Mon) 14:07,3,3412,"OFC2 KHEL",通常レッスン,6
2023-04-17 (Mon) 14:02,3,3412,"OFC2 KHEL",通常レッスン,6
2023-04-17 (Mon) 12:53,3,3412,"OFC2 KHEL",通常レッスン,6
2023-04-17 (Mon) 12:48,3,3412,"OFC2 KHEL",通常レッスン,6
2023-04-17 (Mon) 12:43,3,3412,"OFC2 KHEL",通常レッスン,6
2023-04-17 (Mon) 12:37,4,3412,"OFC2 KHEL",通常レッスン,6
2023-04-17 (Mon) 12:17,3,3412,"OFC2 KHEL",通常レッスン,6
2023-04-17 (Mon) 12:12,3,3412,"OFC2 KHEL",通常レッスン,6
2023-04-17 (Mon) 12:06,3,3412,"OFC2 KHEL",通常レッスン,6
2023-04-17 (Mon) 11:49,13,3412,"OFC2 KHEL",通常レッスン,6
2023-04-17 (Mon) 11:32,23,3379,"Teacher InnaH",通常予約,6
2023-04-17 (Mon) 11:10,4,1869,"Tonton",通常レッスン,6
2023-04-17 (Mon) 11:03,22,3412,"OFC2 KHEL",通常予約,6
2023-04-17 (Mon) 10:30,25,3412,"OFC2 KHEL",通常予約,6
2023-04-17 (Mon) 10:23,1,871,"Ashijo",通常レッスン,6
2023-04-17 (Mon) 10:20,2,871,"Ashijo",通常レッスン,6
2023-04-17 (Mon) 06:48,8,3412,"OFC2 KHEL",通常レッスン,6
2023-04-17 (Mon) 06:40,7,3412,"OFC2 KHEL",通常レッスン,6
2023-04-14 (Fri) 19:46,0,3745,"thao office",通常レッスン,6
2023-04-14 (Fri) 19:14,26,2344,"Marky 2",通常レッスン,6
2023-04-14 (Fri) 17:32,1,3314,"Teacher Nanami",通常レッスン,6
2023-04-14 (Fri) 17:00,2,871,"Ashijo",通常レッスン,6
2023-04-14 (Fri) 16:54,1,871,"Ashijo",通常レッスン,6
2023-04-14 (Fri) 16:53,0,871,"Ashijo",通常レッスン,6
2023-04-14 (Fri) 16:50,2,871,"Ashijo",通常レッスン,6
2023-04-14 (Fri) 16:45,4,871,"Ashijo",通常レッスン,6
2023-04-14 (Fri) 16:08,3,3412,"OFC2 KHEL",通常レッスン,6
2023-04-14 (Fri) 15:59,1,3379,"Teacher InnaH",通常レッスン,6
2023-04-14 (Fri) 15:56,2,3379,"Teacher InnaH",通常レッスン,6
2023-04-14 (Fri) 15:47,1,3379,"Teacher InnaH",通常レッスン,6
2023-04-14 (Fri) 15:41,0,3379,"Teacher InnaH",通常レッスン,6
2023-04-14 (Fri) 15:00,25,3379,"Teacher InnaH",通常予約,6
2023-04-14 (Fri) 14:00,25,3379,"Teacher InnaH",通常予約,6
2023-04-14 (Fri) 13:00,25,3379,"Teacher InnaH",通常予約,6
2023-04-14 (Fri) 12:35,2,2302,"Teacher Bele",通常レッスン,6
2023-04-14 (Fri) 12:30,1,3379,"Teacher InnaH",通常レッスン,6
2023-04-14 (Fri) 12:30,1,3310,"adrian",通常レッスン,6
2023-04-14 (Fri) 12:30,0,3310,"adrian",通常レッスン,6
2023-04-14 (Fri) 12:27,1,3310,"adrian",通常レッスン,6
2023-04-14 (Fri) 12:26,1,3310,"adrian",通常レッスン,6
2023-04-14 (Fri) 12:25,1,3314,"Teacher Nanami",通常レッスン,6
2023-04-14 (Fri) 12:13,2,3314,"Teacher Nanami",通常レッスン,6
2023-04-14 (Fri) 12:04,1,3314,"Teacher Nanami",通常レッスン,6
2023-04-14 (Fri) 12:00,25,3379,"Teacher InnaH",通常予約,6
2023-04-14 (Fri) 11:54,1,1053,"FDC LESTER",通常レッスン,2
2023-04-14 (Fri) 11:26,13,871,"Ashijo",通常レッスン,6
2023-04-14 (Fri) 10:32,23,1603,"TINE",通常予約,10
2023-04-14 (Fri) 10:30,25,3379,"Teacher InnaH",通常予約,6
2023-04-14 (Fri) 10:26,2,2344,"Marky 2",通常レッスン,6
2023-04-14 (Fri) 09:59,26,3911,"Orig Ben",通常レッスン,2
2023-04-13 (Thu) 18:59,0,2635,"ElmerTeach DEV",通常レッスン,4
2023-04-13 (Thu) 18:58,0,2635,"ElmerTeach DEV",通常レッスン,4
2023-04-13 (Thu) 18:54,0,2635,"ElmerTeach DEV",通常レッスン,4
2023-04-13 (Thu) 18:54,4,3768,"Teacher 32",通常レッスン,2
2023-04-13 (Thu) 18:53,0,2635,"ElmerTeach DEV",通常レッスン,4
2023-04-13 (Thu) 18:53,0,2635,"ElmerTeach DEV",通常レッスン,4
2023-04-13 (Thu) 18:53,0,2635,"ElmerTeach DEV",通常レッスン,4
2023-04-13 (Thu) 18:45,4,3768,"Teacher 32",通常レッスン,2
2023-04-13 (Thu) 18:42,0,2635,"ElmerTeach DEV",通常レッスン,4
2023-04-13 (Thu) 18:37,0,2635,"ElmerTeach DEV",通常レッスン,4
2023-04-13 (Thu) 18:37,0,2635,"ElmerTeach DEV",通常レッスン,4
2023-04-13 (Thu) 18:36,0,2635,"ElmerTeach DEV",通常レッスン,4
2023-04-13 (Thu) 18:30,1,2635,"ElmerTeach DEV",通常レッスン,4
2023-04-13 (Thu) 18:29,0,2635,"ElmerTeach DEV",通常レッスン,4
2023-04-13 (Thu) 18:29,0,2635,"ElmerTeach DEV",通常レッスン,4
2023-04-13 (Thu) 18:28,0,2635,"ElmerTeach DEV",通常レッスン,4
2023-04-13 (Thu) 18:14,0,2635,"ElmerTeach DEV",通常レッスン,4
2023-04-13 (Thu) 18:08,0,2635,"ElmerTeach DEV",通常レッスン,4
2023-04-13 (Thu) 18:03,1,4004,"FDC Rose Avatar",通常レッスン,6
2023-04-13 (Thu) 17:54,0,2635,"ElmerTeach DEV",通常レッスン,4
2023-04-13 (Thu) 17:53,0,2635,"ElmerTeach DEV",通常レッスン,4
2023-04-13 (Thu) 17:52,0,2635,"ElmerTeach DEV",通常レッスン,4
2023-04-13 (Thu) 17:50,0,2635,"ElmerTeach DEV",通常レッスン,4
2023-04-13 (Thu) 17:49,0,2635,"ElmerTeach DEV",通常レッスン,4
2023-04-13 (Thu) 17:48,0,2635,"ElmerTeach DEV",通常レッスン,4
2023-04-13 (Thu) 17:44,0,2635,"ElmerTeach DEV",通常レッスン,4
2023-04-13 (Thu) 17:17,1,2635,"ElmerTeach DEV",通常レッスン,4
2023-04-13 (Thu) 17:12,0,3768,"Teacher 32",通常レッスン,2
2023-04-13 (Thu) 17:10,0,3768,"Teacher 32",通常レッスン,2
2023-04-13 (Thu) 17:00,25,3412,"OFC2 KHEL",通常予約,6
2023-04-13 (Thu) 16:58,1,3768,"Teacher 32",通常レッスン,2
2023-04-13 (Thu) 16:52,3,3768,"Teacher 32",通常レッスン,2
2023-04-13 (Thu) 16:51,1,2635,"ElmerTeach DEV",通常レッスン,4
2023-04-13 (Thu) 16:50,0,2635,"ElmerTeach DEV",通常レッスン,4
2023-04-13 (Thu) 16:46,0,2635,"ElmerTeach DEV",通常レッスン,4
2023-04-13 (Thu) 16:43,2,3412,"OFC2 KHEL",通常レッスン,6
2023-04-13 (Thu) 16:41,0,2635,"ElmerTeach DEV",通常レッスン,4
2023-04-13 (Thu) 16:38,2,3412,"OFC2 KHEL",通常レッスン,6
2023-04-13 (Thu) 16:32,23,2277,"FDC Teacher Kathryn",通常予約,29
2023-04-13 (Thu) 16:31,24,3379,"Teacher InnaH",通常予約,6
2023-04-13 (Thu) 16:29,0,2635,"ElmerTeach DEV",通常レッスン,4
2023-04-13 (Thu) 16:28,0,2635,"ElmerTeach DEV",通常レッスン,4
2023-04-13 (Thu) 16:28,0,2635,"ElmerTeach DEV",通常レッスン,4
2023-04-13 (Thu) 16:27,0,2635,"ElmerTeach DEV",通常レッスン,4
2023-04-13 (Thu) 16:26,5,3412,"OFC2 KHEL",通常レッスン,6
2023-04-13 (Thu) 16:22,0,3376,"Fdc Counselor Kim",通常レッスン,1
2023-04-13 (Thu) 16:08,2,4004,"FDC Rose Avatar",通常レッスン,6
2023-04-13 (Thu) 16:07,6,3412,"OFC2 KHEL",通常レッスン,6
2023-04-13 (Thu) 16:06,0,2635,"ElmerTeach DEV",通常レッスン,4
2023-04-13 (Thu) 16:05,0,2635,"ElmerTeach DEV",通常レッスン,4
2023-04-13 (Thu) 16:03,0,2635,"ElmerTeach DEV",通常レッスン,4
2023-04-13 (Thu) 16:00,25,2277,"FDC Teacher Kathryn",通常予約,29
2023-04-13 (Thu) 15:57,2,4004,"FDC Rose Avatar",通常レッスン,6
2023-04-13 (Thu) 15:30,25,3379,"Teacher InnaH",通常予約,6
2023-04-13 (Thu) 15:30,25,3393,"Teacher Yeonwoo",通常予約,10
2023-04-13 (Thu) 15:22,12,3994,"FDC Teacher Tor1",通常レッスン,6
2023-04-13 (Thu) 15:09,3,3379,"Teacher InnaH",通常レッスン,6
2023-04-13 (Thu) 15:00,25,3393,"Teacher Yeonwoo",通常予約,10
2023-04-13 (Thu) 13:00,25,3994,"FDC Teacher Tor1",通常予約,6
2023-04-13 (Thu) 12:19,1,3310,"adrian",通常レッスン,6
2023-04-13 (Thu) 12:17,1,3310,"adrian",通常レッスン,6
2023-04-13 (Thu) 12:15,1,3310,"adrian",通常レッスン,6
2023-04-13 (Thu) 12:05,4,871,"Ashijo",通常レッスン,6
2023-04-13 (Thu) 11:47,20,3585,"Twenty Three",通常レッスン,37
2023-04-13 (Thu) 11:42,0,3792,"Office DEV Jiraiya",通常レッスン,2
2023-04-13 (Thu) 11:13,0,3585,"Twenty Three",通常レッスン,37
2023-04-13 (Thu) 10:56,0,3792,"Office DEV Jiraiya",通常レッスン,2
2023-04-13 (Thu) 10:23,0,3792,"Office DEV Jiraiya",通常レッスン,2
2023-04-13 (Thu) 10:18,1,3310,"adrian",通常レッスン,6
2023-04-13 (Thu) 10:18,1,3585,"Twenty Three",通常レッスン,37
2023-04-13 (Thu) 10:10,3,3310,"adrian",通常レッスン,6
2023-04-13 (Thu) 10:08,0,3585,"Twenty Three",通常レッスン,37
2023-04-12 (Wed) 17:42,26,7777,"Ken",通常レッスン,6
2023-04-12 (Wed) 17:31,7,7777,"Ken",通常レッスン,6
2023-04-12 (Wed) 17:30,25,3393,"Teacher Yeonwoo",通常予約,10
2023-04-12 (Wed) 17:29,2,7777,"Ken",通常レッスン,6
2023-04-12 (Wed) 16:30,25,3379,"Teacher InnaH",通常予約,6
2023-04-12 (Wed) 16:19,6,2344,"Marky 2",通常予約,6
2023-04-12 (Wed) 15:30,25,3379,"Teacher InnaH",通常予約,6
2023-04-12 (Wed) 15:30,25,3393,"Teacher Yeonwoo",通常予約,10
2023-04-12 (Wed) 15:00,25,2344,"Marky 2",通常予約,6
2023-04-12 (Wed) 12:21,26,3766,"Jhayr Teacher Office",通常レッスン,6
2023-04-12 (Wed) 12:14,2,3314,"Teacher Nanami",通常レッスン,6
2023-04-12 (Wed) 12:11,1,2816,"Aqua Child Office",通常レッスン,37
2023-04-12 (Wed) 12:04,1,2794,"Teacher Karling",通常レッスン,6
2023-04-12 (Wed) 12:02,1,2794,"Teacher Karling",通常レッスン,6
2023-04-12 (Wed) 11:53,26,3766,"Jhayr Teacher Office",通常レッスン,6
2023-04-12 (Wed) 11:41,2,2794,"Teacher Karling",通常レッスン,6
2023-04-12 (Wed) 11:26,26,3766,"Jhayr Teacher Office",通常レッスン,6
2023-04-12 (Wed) 11:21,0,2854,"Quin Counselor",通常レッスン,1
2023-04-12 (Wed) 10:21,15,871,"Ashijo",通常レッスン,6
